Name,Price,Quantity

*PROMO x2* Personna X-series Platinum Coated Double Edge Razor Blades [100 Pack],$22.79,24

*PROMO x3* Personna X-series Platinum Coated Double Edge Razor Blades [100 Pack],$28.99,10

*PROMO* BabylissPRO Neck Duster Knuckle BLK + Babyliss Fade Brush-BLK Firm,$12.89,28

*PROMO* BabylissPRO Neck Duster Knuckle RED+Babyliss Fade Brush-RED Medium,$12.89,30

2X Graham Sanek XL Neck Strips - 50 Strips- Brand New,$6.99,8

"2X Gummy Hair Gel, 23.5 Fl Oz,Regular,700ml USA FREE SHIPPING",$18.99,23

3000 Dorco Prime Platinum Double Edge Razor Blades-BRAND NEW-FAST SHIP(N),$223.99,11

3500 pcs Astra Superior Platinum Double Edge Shaving Razor Blades,$322.99,8

3X 5000 Derby Professional Single Edge Razor Blades (150 Packs of 100 Blades),$429.99,10

3X Campbell's Liquid Shave Cream 8 fl. oz.,$19.99,0

4X100 Personna Double Edge Stainless Steel Blades Safety Barber Shaving Razor,$48.99,12

500 Pieces Derby Professional Platinum Coated Single Edge Razor Blades,$22.60,56

5000 Dorco Blue Double Edge Razor Blades Platinum Plus-BRAND NEW-FAST SHIPPING,$213.97,17

5X 5000 Derby Premium Single Edge Blades -FREE SHIPPING (25000 blades),$799.99,12

5X 5000 Derby Professional Single Edge Razor Blades (25000 blades),$689.99,5

6 PACK Andis Cool Care Plus 15.5 Oz Spray For Clipper/Trimmer 5in1,$56.99,24

600 Dorco Prime Platinum Double Edge Razor Blades-BRAND NEW-FAST SHIP(N),$57.99,12

[Personna] Hair Shaper Blades Stainless Blade 60 Blades | FREE SHIPPING PACK 3,$89.99,10

Ampro Pro Styl Argan Oil Sheen Aerosol 11.5oz,$12.20,24

"Andis 3/4"" Titanium Curling Iron",$24.99,0

Andis Barber Combo #66325 + Scalpmaster Clipper Cleaning Brush SC-UCB,$108.15,12

Andis Barber Combo #66325 +Andis Taper Comb+Scalpmaster Clipper Cleaning Brush,$113.15,9

Andis Barber Combo FREE SHIPPING | #66325,$103.15,28

Andis BG Series Premium Metal Clip Comb Set #33640,$27.99,10

Andis BGRV Replacement Cord Pack #63070,$84.99,7

ANDIS Blade Care Plus Spray 7 in 1 Clipper Blades Spray 16oz + Dip container,$23.99,39

ANDIS Blade Care Plus Spray 7 in 1 Clipper Blades Spray 16oz + FREE ANDIS Brush,$19.49,42

Andis Blade for CCX Clipper #22390,$14.99,0

Andis Blade for Charm Trimmer #72270,$14.99,8

Andis Blade for Superliner trimmer IN-LINER #04885,$14.99,24

Andis Blade Slimline Trimmer #22880,$12.99,0

Andis Charm #72275 Clipper/Trimmer (Black),$49.99,12

Andis Cool Care Plus 15.5 Can | 12 Count Case,$116.00,15

Andis Cool Care PLus 15.5 Can | 2 pack,$24.99,35

Andis Cool Care Plus 15.5 oz. Can,$16.99,36

Andis Cordless Fade Combo #75020 + Venti Neck Duster W/ Powder Dispenser,$134.99,18

Andis Cordless Fade Combo | #75020,$131.00,56

Andis Cordless T-Outliner Li Replacement Deep Tooth GTX Blade #04555,$20.99,23

Andis Cordless T-Outliner Li Trimmer | #74000,$168.99,46

Andis Cordless T-Outliner® Li Replacement T-Blade - Carbon Steel #04535,$20.99,12

Andis Envy Adjustable Blade Clipper #66215,$41.17,44

Andis Envy Li Adjustable Blade Clipper | #73000,$81.49,23

Andis Experience PMTX Pivot Motor Trimmer #24225,$30.99,16

Andis Expierence PMTX/PMT-1 Replacement Blade #24465,$11.99,77

Andis Fade Master Adjustable Blade Clipper #01690,$116.46,36

Andis Fade Master Replacement Blade #01591,$26.99,0

Andis Finishing Combo #17195,$119.00,23

Andis GTX Deep Tooth T-Outliner® Replacement Blade - Carbon Steel #04850,$18.99,35

Andis GTX T-Outliner® T-Blade Trimmer #04775,$80.99,56

Andis Master Adjustable Blade Clipper #01557,$116.46,33

Andis Master Cordless Li Replacement Blade - Size 000 to 1 - #74040,$28.99,0

Andis Master Cordless Li Replacement Fade Blade - Size 00000 to 000 - #74045,$28.90,0

Andis Master Cordless Lithium Ion Clipper | #12470,$234.99,41

Andis Master Dual Magnet Small 5-Comb Set #01410,$24.89,35

Andis Master Premium Metal Clip Comb #0 1/16 #33660,$7.99,0

Andis Master Premium Metal Clip Comb #1 #33665,$7.99,24

Andis Master Premium Metal Clip Comb Set #33645,$27.99,8

Andis Master Size #28 Replacement Blade #01513,$27.99,72

Andis Master/MLX Replacement Blade - Size #22 (000 to 1) - #01556,$28.99,22

Andis Outliner II Trimmer #04603,$66.05,49

Andis Outliner® II Replacement Blade #04604,$17.99,22

Andis Pivot Motor Combo (Black) #24075,$63.99,41

Andis Pivot Pro PMC/PMT-1 Replacement Blade #23570,$13.99,8

Andis ProAlloy AAC-1 Replacement Blade Set #69115,$20.99,10

Andis ProAlloy Adjustable Blade Clipper | #69100,$74.30,24

Andis Professional Ceramicedge Detachable Blades,$25.99 to $53.99,76

Andis Professional Stylist Combo T-Outliner Trimmer + Envy Clipper Black #66280,$117.99,56

Andis Professional Ultraedge Detachable Blades,$24.99 to $49.99,132

Andis ProFoil Lithium Plus Titanium Foil Shaver #17200,$68.96,36

Andis ProFoil Lithium Titanium Foil Shaver #17220,$66.30,30

Andis ProFoil Lithium Titanium Foil Shaver #17220 + Venti Neck Duster,$71.30,12

Andis ProFoil® Lithium Titanium Foil Assembly #17160,$11.57,39

Andis ProFoil® Lithium Titanium Foil Assembly and Inner Cutters #17155,$18.80,34

Andis ProFoil® Lithium Titanium Foil Assembly and Inner Cutters COPPER #17230,$18.79,32

Andis Single Magnetic Comb Set (5pcs) #66345,$26.99,0

Andis Slimeline Pro Li T-Blade Trimmer Black #32475,$64.10,42

"Andis Slimline 2 ion blade fits BTF, BTF2 BTF3 #22945",$19.99,0

Andis Slimline Pro Li Replacement Comfort Edge Blade #32105,$21.90,53

Andis Slimline Pro Li T-Blade Trimmer Chrome | #32400,$67.08,47

Andis Slimline® Pro Li Cordless T-Blade Trimmer - Andis Nation Edition #32680,$86.00,0

"Andis Snap-On Blade Attachment Combs, 7-Comb Set #01380",$12.99,1

Andis Styliner II Replacement Blade #32859,$22.83,36

Andis Superliner In-Liner Blade #04885 Detachable Barber Designing Blade Trimmer,$17.70,10

Andis Supra Li 5 Adjustable Blade Clipper #73500,$194.28,6

Andis Supra ZR II & Pulse ZR 2 Clipper Replacement Lithium Battery Pack #79025,$79.99,0

Andis Supra ZR II Cordless Detachable Blade Clipper | #79005,$320.15,12

Andis Supra ZR® II Cordless Detachable Blade Clipper #79005,$324.99,0

Andis T-Outliner T-Blade Trimmer | #04710,$66.05,55

Andis T-Outliner® Replacement Blade - Carbon Steel #04521,$17.49,78

Andis Titanium Curling Iron 1 1/4 Inch,$23.99,0

ANDIS Uppercut Deluxe Pomade Super Strong-Water Based-Made in Australia-,$12.79,33

Andis US-1 & LCL Replacement Blade Set Size 000-1 #66240,$27.99,8

Andis- The Cut Buddy | Hair & Beard Shaping Tool,$8.99,48

Annie Club Brush Soft 100% Boar Bristle Hair Comb Mini Natural Wooden Curl #2081,$7.99,4

Annie Club Brush Soft 100% Boar Bristle Natural #2084,$7.99,4

"Annie Kid Cutting Cape Water Resistant 30"" x 36"" -Monster pattern-",$9.50,5

Annie Professional Comb Set 10 Ct Black #81,$9.99,6

ANNIE RUBBER CUSHION BRUSH LARGE #2050,$6.99,24

Annie Shaving Brush Natural Boar Bristles #2924,$5.99,0

Annie Silicon Tipping Cap with Metal Hook,$9.35,6

Annie Silicon Tipping Cap with Metal Hook | 2 Pack,$17.99,5

Annie Wooden Brush Medium Natural Boar Bristles #2165,$4.99,0

Annie Wooden Soft Brush 100% Pure Boar Bristle Hair #2091,$9.99,10

Ardell Individual Duralash Knot-free Naturals Long Black (50528) | 2-Pack,$9.99,12

Ardell Individual Duralash Knot-free Naturals Medium Black (50528) | 2-Pack,$8.99,12

Ardell Individual Duralash Knot-free Naturals Short Black 2-pack (50504),$8.99,3

Astra Superior Platinum Double Edge Razor Blades-100 X 100 = 10000 Blades,$845.99,4

Astra Superior Platinum Double Edge Shaving Razor Blades 100 pcs-Made in Russia-,$10.99,71

Astra Superior Platinum Double Edge Shaving Razor Blades 200 pcs-FAST SHIPPING,$17.59,34

Astra Superior Platinum Double Edge Shaving Razor Blades 300 pcs-FAST SHIPPING,$27.79,20

Astra Superior Platinum Double Edge Shaving Razor Blades 400 pcs-FAST SHIPPING,$36.49,20

Astra Superior Platinum Double Edge Shaving Razor Blades-2000 pcs,$183.99,8

Avena Proport Intensive Mask Infused w/ Oat Extract and Keratin 10.1 oz,$15.99,0

Avena Restorative treatment in Mousse for Hair and Scalp 10.1 oz Made in Italy,$19.99,4

"BaByissPRO GOLDFX Set | FX780G, FX787G, FXFS2G",$389.00,12

BaByliisPRO FX708Z Replacement Trimmer Blade for FX788RG Trimmer,$20.19,36

Babyliss BelissPRO Luxe Series Professional Dryer #BEL6350,$49.99,2

BABYLISS PRO BARBEROLOGY Barber Clipper Rubber Grips- 3 Grips/Pieces,$14.99,49

BaByliss PRO Barberology Barber Mat for Clippers Trimmers-Black,$22.99,24

"Babyliss Pro Barberology Fade Clean Brush Black, Red & White 3pc set",$9.99,41

"BaByliss PRO Barberology Fade Knuckle Brush Black, Red, or White Handle - NEW",$9.50 to $9.50,42

BaByliss Pro BARBERology Hair Grippers - 6 Grips #BBCKT5,$9.99,48

Babyliss Pro Barberology Industrial Barber Apron + Gold Wide Tooth comb,$23.99,8

Babyliss Pro Barberology™ Industrial Barber Apron #BBAPRON,$19.99,21

Babyliss PRO FORFEX 49 Professional Mini Trimmer FX49,$45.99,5

Babyliss Pro FX673 Lithium FX Cord/Cordless Hair Clipper,$93.49,0

"Babyliss PRO FX803B Replacement Blade for FX880, FX870RG, & FX870G",$30.90,12

"Babyliss Pro Nano Titanium - Dryer, Curling Iron, Flat Iron - 3 Piece Travel Set",$77.99,12

"Babyliss Pro Nano Titanium 1 1/2"" Straightener + 1"" Curling Wand Combo #BNTPP34U",$123.99,6

"BABYLISS PRO NANO TITANIUM 1"" ULTRA-THIN HAIR STRAIGHTENER PINK-BNTHT3072TUC",$96.99,42

"BaByliss Pro Nano Titanium BABSS3100T Prima3100 1""",$118.99,0

Babyliss Pro Nano Titanium Bambino 5510 Dryer BABNT5510,$24.99,12

"BaByliss PRO Replcement Blade #901 Size #000 1/50""",$51.99,2

BaByliss Pro Rose Gold FX707RG2 Replacement Deep Tooth T-Blade 2.0 MM,$47.99,32

BaByliss PRO VIBEFX Lithium Massager Cord/Cordless 2-Spd Stainless Steel FXSSM1,$87.99,36

BaByliss PRO Wide Tooth Styling Barber Dragon Comb Black Red or White (1 COMB),$6.94 to $6.94,84

Babyliss4Barbers Limited Edition FX870W Metal Lithium Clipper - Rob the Original,$172.99,0

BaByliss4BARBERS Outlining Trimmer Influencer Collection | FX787GI,$128.50,6

BaByliss4BARBERS Outlining Trimmer Influencer Collection | FX787PI,$128.50,6

BaByliss4BARBERS Outlining Trimmer Influencer Collection | FX787RI,$128.99,6

BaBylissForMen i-Stubble Trimmer | BPSS1,$57.99,3

BaBylissPRO All In One Disinfectant Clipper Spray 15.5 oz - 2 Pack,$17.99,16

BaBylissPRO All In One Disinfectant Clipper Spray 15.5 oz - 4 Pack,$38.99,19

BaBylissPRO All In One Disinfectant Clipper Spray 15.5 oz - 6 Pack,$49.49,10

BaBylissPRO All In One Disinfectant Clipper Spray 15.5 oz |12 Pack-FREE SHIPPING,$117.99,30

"BabylissPRO Barber Apron+GoldFX Clipper Cape with Snap Button Closure 57"" X 60""",$36.99,8

"BaBylissPRO Barberology Clipper Combs | Black, Red, or White",$7.99 to $7.99,72

"BabylissPro Barberology Fade Clean Brush Black, Red, White+Limited Edition Gold",$14.99,25

BabylissPRO Barberology GOLDFX Metal Comb Set | #BCOMBSET2G,$26.99,24

BaBylissPRO Barberology Hair Grippers | #BBCKt5 | 3 Pack,$9.99,41

BabylissPRO Barberology Hair Grippers | 2 PACK | 12 pcs Total,$15.99,40

BaBylissPRO Barberology Neck Duster - Black/Red/White (Choose Color),$9.89 to $9.89,87

BabylissPRO Barberology Neck Duster Knuckle BLACK + Hair Grippers,$12.89,24

BaBylissPRO Barberology Neck Duster Knuckle Brush,$8.99 to $8.99,160

BaBylissPRO Barberology Neck Duster Knuckle Brush-12 UNITS,$69.99,14

BabylissPRO Barberology Neck Duster Knuckle RED + Hair Grippers,$12.99,60

BabylissPRO Barberology ROSEFX Metal Comb Set |#BCOMBSET2RG,$26.99,11

BabylissPro Barberology Screwdriver- Perfect for Clippers or Trimmers - 1pc,$5.99 to $5.99,85

BaBylissPRO BLACK FOILFX02 Cordless Metal Double Foil Shaver FXFS2B,$99.99,0

BabylissPRO BLACKFX Clipper | FX870BN,$159.99,32

BaBylissPRO BLACKFX Outlining Trimmer Stay Gold Edition | FX787B,$175.00,24

BaBylissPRO BLACKFX Outlining Trimmer | FX787BN,$137.99,40

"BaBylissPRO BLACKFX Set | FX780BN, FX787BN, FXFS",$359.00,0

BaBylissPRO BNT20H1 Nano Titanium 1 1/2in. Flat Iron and Dryer,$109.99,14

BaBylissPRO BNTPP15 Nano Titanium 1in. Flat Iron and Dryer,$109.99,0

"BaBylissPRO CeramicXtreme Special Pack 1"" Straighter + 2000 Watts Dryer CEPP1",$89.99,11

BaBylissPRO CSX271 Replacement Combs For FX811 FXF811 FXB811 FX671,$21.99,3

"BaBylissPRO EtchFX Small, Powerful, Corded Trimmer FX69",$41.99,7

BabylissPRO Forfex Cord/Cordless Clipper #FX668,$126.99,3

BabylissPRO FX5969 Zero Gap Replacement Blade for FX59 & FX69,$20.64,30

BabylissPRO FX707B Graphite Fine Replacement Blade For FX787 Trimmer,$49.94,40

BabylissPRO FX707B2 2.0MM Graphite Fine Replacement Blade For FX787 Trimmer,$49.94,23

"BaBylissPRO FX803B Replacement Blade for FX880, FX870RG, FX870G Clipper",$30.59,12

BaBylissPRO FXRF1 Replacement SINGLE Foil w/Cutter - For FOILFX01,$16.40,42

BabylissPRO FXRF2RG Replacement Shaver Foil w/Cutter Head - Rose Gold,$24.15,36

"BaBylissPRO FXSILVER Set | FX780S, FX787S, FXFS2",$388.00,12

BabylissPRO GOLD Replacement Foil Cutter | FXRF2G - FREE SHIPPING,$19.55,36

BaBylissPRO Gold Replacement T-Blade 2.0 MM Deep Tooth FX707G2,$48.99,29

"BabylissPRO Gold Trio Mix - Fade Brush, Styling Comb, and 2-Pack Hair Clips",$18.39,24

BabylissPRO GOLD Wide Tooth Styling Barber Comb,$9.99,22

"BabylissPRO GoldFX Clipper Cape with Snap Button Closure 57"" X 60""",$29.94,36

BaBylissPRO GOLDFX Clipper | FX870G,$157.99,36

BaBylissPRO GOLDFX Outlining Trimmer | FX787G,$151.99,42

BaBylissPRO GoldFX Replacement Blade FX707Z for FX787G Trimmer,$43.99,20

"BaBylissPRO Graphite Titanium 1 1/4"" Ionic Curling Iron BGT125NUC",$139.99,8

"BaBylissPRO Graphite Titanium 1"" Ionic Curling Iron BGT100NUC",$79.98,5

"BaBylissPRO Graphite Titanium 3/4"" Ionic Curling Iron BGT75NUC",$139.99,4

"BabylissPRO Graphite Titanium Ionic 1 1/4"" Flat Iron BGT183NUC",$189.99,0

"BabylissPRO Graphite Titanium Ionic 1"" Flat Iron BGT182NUC",$98.99,0

BaBylissPRO Graphite Titanium Ionic Curling Iron Set BGT4NUC,$149.99,0

BabylissPRO Graphite Titanium Ionic Hair Dryer BGT6395NUC,$79.99,0

BabylissPro Limited Edition FlashFX Cordless Lithium trimmer Pink FX59ZP,$69.99,22

BabylissPRO Nano Tianium Torino 6100 Mid-Size Dryer #BABNTB6160N,$59.99,0

"BaBylissPRO Nano Titanium 1 1/2"" Ultra Thin Iron | BABNT3073TN",$99.99,24

"BabylissPRO Nano Titanium 1 1/2"" Straightener & 1"" Curling Wand Combo #BNTPP34UC",$129.98,8

"BaBylissPRO Nano Titanium 1"" Mini Straightening Iron | BABNT3053N",$24.99,41

"BaBylissPRO Nano Titanium 1"" Ultra-Thin Straightener | BABNT3072TN",$99.99,24

"BaBylissPRO Nano Titanium 1-1/4"" Omni Styler | BABNT8125",$51.99,8

"BaBylissPRO Nano Titanium 1¼ "" Ionic Straightener | BABNT2091TN",$89.99,24

"BaBylissPRO Nano Titanium 1¼ "" Ionic Straightener | BABNT2091TN",$89.99,24

"BaBylissPRO Nano Titanium 1¼"" Spring Curling Iron | BABNT125SN",$38.99,0

"BaBylissPRO Nano Titanium 1¼–¾"" ConiCurl Iron | BABNT125TBN",$39.99,3

"BaBylissPRO Nano Titanium 1½"" Spring Curling Iron | BABNT150SN",$39.99,0

"BaBylissPRO Nano Titanium 1½"" Wet-to-Dry Ultra-Thin Straightener | BABNT5073TN",$97.99,6

"BaBylissPRO Nano Titanium 1¾ "" Ionic Straightener | BABNT2094TN",$99.00,0

"BaBylissPRO Nano Titanium 2"" Ultra-Thin Straightener | BABNT3074T",$99.99,0

"BabylissPRO Nano Titanium Dual Voltage, Travel Dryer-BABNT053T",$29.99,24

"BaBylissPRO Nano Titanium Hair Dryer + 1"" Curling Iron + Silicone Mat",$85.35,11

BaBylissPRO Nano Titanium MiraCurl Professional Curl Machine | BABNTMC1,$98.99,6

"BabylissPRO Nano Titanium Prima 3100 1"" DUAL VOLTAGE | BNT3100TUC",$159.99,12

"BaBylissPRO Nano Titanium Prima Flat Iron Duo 3000 1 1/4"" + 2000 3/4"" *PROMO*",$178.99,36

"BaBylissPRO Nano Titanium Prima2000 3/4"" Stainless Steel Mini Iron | BABSS2000UC",$39.99,0

"BaBylissPRO Nano Titanium Prima3000 1-1/4"" BABSS3000T",$103.99,36

"BaBylissPRO Nano Titanium Prima3100 1"" | BABNT3100T",$117.99,0

"BaBylissPRO Nano Titanium Ultra-Thin Straightener Combo 1"" & 1 1/2"" |BABNTPP35UC",$114.99,0

BabylissPRO Nano Titanium Vented Ionic Flat iron DUAL VOLTAGE | BNT4093TUC,$129.99,3

"BaBylissPRO Nano Titanium ¾"" Spring Curling Iron | BABNT75SN",$39.99,5

BabylissPro Neck Strips Dispenser+ 1 FREE Roll of 100 Strips,$11.99,2

BaBylissPRO Outlining Trimmer + Double Foil Shaver BLUEFX Collection FXHOLPK2BC,$218.99,0

"BaBylissPRO Porcelain Ceramic 1 1/2"" Straightening Iron BP9559UC",$44.85,0

"BaBylissPRO Porcelain Ceramic Duo 1"" Straightener + 1900 Watt Dryer BPPP1",$99.99,6

BabylissPRO Rapido Hyper Stik Ionic Thermal Styling Brush #BABRSHB,$33.99,0

BaBylissPRO RED FOILFX02 Cordless Metal Double Foil Shaver FXFS2R,$89.99,36

"BaBylissPRO Replacement Blade for FXF880, FX870 CLPPER MODELS | FX801R",$23.65,24

BaBylissPRO Replacement Graphite Fade Blade FX8010B,$33.45,24

"BaBylissPRO ROSEFX Set | FX780RG, FX787RG, FXFS2RG",$384.99,12

BaBylissPRO ROSEFX Collection | Trimmer & Shaver | FXHOLPK2RG,$197.50,35

BaBylissPRO ROSEFX Cordless Clipper | FX870RG,$148.99,18

BabylissPRO Silver Replacement Foil Head w/ 2 Cutters FXRF2,$16.99,33

BaBylissPRO SILVERFX CLIPPER | FX870S,$149.99,35

BabylissPRO SILVERFX Outlining Trimmer | FX787S,$139.99,24

"BaBylissPRO SILVERFX Set | FX780S, FXHOLPK2",$388.00,0

BabylissPro Steel FX880 | Super Charged Pivot Motor Engine Clipper,$93.99,0

BaBylissPRO STEELFX Stainless Steel 2000-Watt Hair Dryer,$79.99,0

"BabylissPRO Style with Style 1 1/4"" Ionic Straighter + Dual Voltage Travel Dryer",$99.99,8

BaBylissPRO TRAVELFX Cordless Single Foil Shaver+ 1000 Watt Dual voltage Dryer,$67.99,36

"BabylissPRO Trio Mix - Fade Brush, Styling Comb, and 1-Pack of Hair grippers",$19.99,36

BabylissPRO TT Tourmaline Titanium Travel Dryer With Folding Handle BABTT053T,$36.99,8

BabylissPRO UltraSonic Cool Mist Iron + Omni Styler Flat Iron #BABNTPP17,$91.99,24

BaBylissPRO VIBEFX Cord/Cordless Massager - FXSSMG - Gold,$109.99,36

BabylissPro Volare X2 Professional Clipper #FXF811 Red,$156.99,18

BaBylissPRO White FOILFX02 Cordless Metal Double Foil Shaver FXFS2W,$89.99,40

BaBylissPRO WHITEFX Clipper Rob The Original Edition | FX870W,$199.99,0

BaBylissPRO WHITEFX Outlining Trimmer | FX787W,$189.99,0

"BabylissPro- FX802G Replacement Blade | Fits: FX870G, FX870RG, X880",$34.85,36

BaBylissPRO® Barberology™ 3 Comb Set,$11.63,34

BaBylissPRO® FlashFX Cordless Lithium Trimmer #FX59,$57.99,0

BaBylissPRO® GOLD FOILFX02™ Cordless Metal Double Foil,$96.99,36

"BaBylissPRO® Nano Titanium™ 2"" Rotating Hot Air Brush | BABNT178",$69.99,2

BaBylissPRO® Original FX765 Corded Trimmer With Outlining T-Blade,$59.00,18

BaBylissPRO® ROSE FOILFX02™ Cordless Metal Double Foil,$91.99,36

BaBylissPRO® SILVER FOILFX02™ Cordless Metal Double Foil,$89.99,43

"BaBylissPro™ Nano Titanium™ 1/2"" Mini Straightening Iron #BABNT3050",$23.49,23

Bain De Terre Keratin Photo-Protein SULFATE FREE Shampoo & Conditioner 13.5 oz,$19.99,0

Bain De Terre Coconut Papaya Shampoo and Conditioner 13.5 oz Duo,$19.99,8

Bain De Terre Coconut Papaya Shampoo+ Conditioner 13.5oz NEW-FAST SHIPPING,$18.99,3

BAIN DE TERRE COCONUT PAPAYA ULTRA HYDRATING BALM - 8.45oz,$12.99,1

Bain de Terre Coconut Papaya Ultra Hydrating Balm 8.5oz,$12.79,0

Bain de Terre Coconut Papaya Ultra Hydrating Conditioner 13.5 oz,$14.30,8

Bain de Terre Coconut Papaya Ultra Hydrating Conditioner 33.8oz,$15.99,10

Bain de Terre Coconut Papaya Ultra Hydrating Shampoo 13.5oz,$14.30,8

Bain de Terre Coconut Papaya Ultra Hydrating Shampoo+Conditioner 33.8 oz ea,$27.99,17

Bain de Terre Color Enhancing Conditioner - Blood Orange & Passion Fruit 10oz,$16.99,1

Bain De Terre Day Lily Color Preserving & Volumizing Conditioner 13.5 oz,$14.99,0

Bain de Terre Green Meadow Balancing Conditioner 33.8oz,$19.16,12

Bain de Terre Green Meadows Balancing Conditioner 13.5oz,$8.45,0

Bain de Terre Green Meadows Balancing Conditioner 13.5oz,$8.45,0

Bain de Terre Infinite Hold Firm Finishing Spray 9oz,$13.79,0

Bain de Terre Jasmine Moisturizing Conditioner 33.8oz,$21.85,6

Bain de Terre Jasmine Moisturizing Shampoo 13.5oz,$14.80,0

"Bain de Terre Keratin Phyto-protein Shampoo 13oz ""BRAND NEW""",$12.99,0

Bain de Terre Keratin Phyto-Protein Strengthening Conditioner 33.8oz,$18.75,8

Bain de Terre Keratin Phyto-Protein Sulfate-Free Strengthening Shampoo 13.5oz,$14.75,0

Bain De Terre Lemongrass Volumizing Condition 13.5 oz,$14.99,0

Bain de Terre Passion Flower Color Preserving Conditioner 33.8oz,$18.75,0

Bain de Terre Passion Flower Color Preserving Shampoo 33.8oz,$18.75,1

Bain de Terre PASSION FLOWER Color Preserving Shine Spray 4.2oz,$15.99,0

"Bain de Terre Phyto-Keratin Shampoo 13z ""BRAND NEW""",$12.99,0

Bain De Terre Purite White Floral Healthy Color Protect Conditioner 13.5 oz NEW,$19.99,0

Bain de Terre Purite White Floral Healthy Conditioner Color Protect 13.5oz,$13.99,0

Bain de Terre Purite White Floral Healthy Conditioner Moisture Repair 13.5oz,$11.15,0

Bain De Terre Purite White Floral Healthy Moisture Repair Shampoo 13.5 oz NEW,$23.99,0

Bain De Terre Shampoo & Condition JASMINE Duo 13.5 oz,$19.99,0

Bain De Terre Sweet Almond Oil Long & Healthy Shampoo & Conditoner 33.8 oz Duo,$39.99,12

Bain de Terre Sweet Almond Shampoo+Conditioner 13z,$19.99,0

Barbicide Ship-Shape Comb & Brush Cleaner,$15.99,2

Beauty Image Post Depilation Gel With Cotton Extract Made in Spain 6.8 oz,$14.99,6

"Beauty Town Premium Hair Cutting Styling Long Cape 55"" x 63""",$16.99,19

Beauty Town Professional Hair Stylist Fashion Vest BLK | #03211,$18.99 to $18.99,14

Beauty Town Professional Hair Stylist Jacket -BLACK-,$15.99 to $15.99,44

Beauty Town Professional Hair Stylist Jacket -NAVY BLUE,$15.99 to $15.99,21

Beauty Town Professional Hair Stylist Jacket -ROYAL BLUE,$17.99 to $17.99,16

Beauty Town Professional Hair Stylist Jacket -WHITE-,$16.99 to $16.99,113

Beauty Town Professional Hair Stylist Jacket GREY,$16.99 to $16.99,27

BEAUTY TOWN PROFESSIONAL HAIR STYLIST JACKET LARGE BLACK,$20.99,9

Beauty Town Shaving Razor #08241,$5.99,5

BeautyTown Shaving Razor + Replacement Blades,$5.99,6

BeautyTown Shaving Razor + Replacement Blades,$8.99,9

BETTY DAIN Barber Salon Hair Stylist Moustache Stache Styling Cape CA-860 Black,$17.99,1

BETTY DAIN Barber Salon Hair Stylist Moustache Stache Styling Cape CA-860 White,$17.99,17

Betty Dain Cutting Cape Boricua Edition 949-PRO,$26.99,18

Betty Dain Cutting Cape Brasileiro Edition 949-BRA,$26.99,18

"Betty Dain Nylon Cutting Cape 54"" x 60"" #899A/S-BURGUNDY",$18.99,16

"Betty Dain Nylon Cutting Cape 54"" x 60"" #899A/S-NAVY BLUE",$18.99,1

"Betty Dain Nylon Cutting Cape 54"" x 60"" #899A/S-ROYAL BLUE",$18.99,8

"Betty Dain Nylon Cutting Cape 54"" x 60"" #899A/S-WHITE",$18.99,0

Bigen Permanent Powder Hair Color Dark Auburn #37 ( 6g ) FREE SHIPPING,$9.99,20

BIGEN PERMANENT POWDER HAIR COLOR #45 Chocolate,$9.99,20

BioHair-Care Moroccan-Argan Oil for Damaged-Dry Hair -Sulfate Free- 16.9 fl oz,$16.99,3

BumpPro Caribbean Mist After Shave Lotion 12oz,$14.99,0

Caliber .38 Super Professional Cordless Trimmer W/ DLC Coating Blade,$82.99,6

Caliber .50 Cal Mag Professional Cordless Clipper W/ Universal Adapter,$123.99,14

Caliber 357 Magnum Gen 3 Professional Cordless Clipper,$92.99,12

Caliber 38 Super Professional Cordless Lithium Battery Hair Trimmer,$89.99,12

California Mango Mend Dry Skin Balm 4 oz,$9.99,0

Campbell's Liquid Shave Cream 8 fl. oz.,$8.90,0

CLIPPERCIDE DISINFECTANT SPRAY 15oz LUBRICATED ANTI RUST 6 PACK,$64.99,5

"CLIPPERCIDE DISINFECTANT SPRAY 15oz,CLEAN, COOL HAIR BLADES,LUBRICATED ANTI RUST",$15.99,14

"CLIPPERCIDE DISINFECTANT SPRAY 15oz,DISINFECTANT, LUBRICANT, ANTI RUST (2 PACK)",$25.95,7

Clippercide Spray For Hair Clippers 425 ml 5-in-1 25% Extra (pack of 3),$39.99,3

Clubman Pinaud Finest Powder FLESH 9 oz (2 PACK),$18.99,5

Clubman Pinaud Finest Powder FLESH 9 oz (3 PACK),$27.99,4

Clubman Aftershave Lustray Coachman 14.0 oz,$13.99,18

Clubman Aftershave Lustray Coachman 14.0 oz - 2 PACK,$19.99,10

CLUBMAN BRANDY SPICE AfterShave Lotion Colonge 6 oz.,$8.99,18

Clubman Lime Sec Aftershave 6Fl. OZ. | 2 PACK,$16.99,0

Clubman Lustray Draggon Noir Eau De Toilette Men's Aftershave Skin Lotion 14oz,$14.90,18

Clubman Pinaud - Shave Brush,$12.99,0

Clubman Pinaud 2-in-1 Beard Conditioner 3 oz-Brand New-Fast Shipping-,$7.99,9

Clubman Pinaud 2-in-1 Beard Conditioner 3oz-(2-PACK) Brand New-Fast Shipping,$12.99,2

Clubman Pinaud After Shave Lotion 16 oz. | 3 PACK -FREE-SHIPPING,$37.99,18

Clubman Pinaud Finest Powder FLESH 9 oz FREE SHIPPING,$10.99,10

Clubman Pinaud Firm Hold Pomade 4oz.,$10.99,10

Clubman Pinaud Firm Holding Pomade 16 oz.,$15.99,3

Clubman Pinaud Light Hold Pomade 4oz.,$10.99,2

Clubman Pinaud Lime Sec Aftershave 6 Fl. Oz.,$9.99,0

Clubman Pinaud Medium Hold Pomade 4oz.| FREE SHIPPING,$10.99,24

Clubman Pinaud Molding Paste 1.7 oz.,$4.99,35

Clubman Pinaud Molding Paste 16 oz.,$15.99,20

Clubman Pinaud Molding Paste 4oz.,$10.99,12

Clubman Pinaud Molding Putty 16 oz.,$15.99,24

Clubman Pinaud Molding Putty 16z,$15.99,12

Clubman Pinaud Molding Putty 4oz.,$10.99,24

Clubman Pinaud No Bumps Gel 4oz - 2-PACK-Brand New-Fast Shipping,$16.99,5

Clubman Pinaud No Bumps Gel 4oz -Brand New-Fast Shipping,$8.99,8

Clubman Pinaud Reserve Whiskey Woods Finest Powder 9.0 oz Brand New,$12.99,6

Clubman Pinaud Reserve Whiskey Woods Finest Powder 9.0 oz Brand New 2-PACK,$22.99,6

Clubman Pinaud Reserve Whiskey Woods Finest Powder 9.0 oz Brand New 3-PACK,$39.99,6

Clubman Pinaud Styling Gel 3.75 oz- 2 Pack-,$9.99,0

CLUBMAN Reserve Whiskey Woods After Shave 6 oz,$9.99,8

"Clubman Shave Cream, 12 oz with ALOE VERA-2-PACK-Brand New-Fast Shipping-",$16.99,4

CLUBMAN- LIGHT HOLD POMADE 16Z,$15.99,2

CLUBMAN- MEDIUM HOLD POMADE 16Z,$15.99,18

Clubman- Molding Paste 1.7 oz.,$4.99,36

Clubman- Molding Paste 16 oz.,$12.99,36

Clubman- Molding Paste 4 oz.,$6.99,36

Cream Cologne black Whiskey Novon 400ml 2pack FREE-SHIPPING,$19.99,4

Cream Cologne black Whiskey Novon 400ml FREE-SHIPPING,$14.99,2

Cream Cologne malt Whiskey Novon 400ml 2pack FREE-SHIPPING,$15.99,0

Cream Cologne malt Whiskey Novon 400ml FREE-SHIPPING,$14.99,2

Cream Cologne Woody Whiskey Novon 400ml FREE-SHIPPING,$14.99,2

"Cricket Color Cocktail Disposable Hairstyling Capes Black 30 COUNT 51""x59""",$22.99,9

CRICKET Cover Up Route 66 Barber Jacket Medium-Large,$35.99,8

CRICKET Cover Up Route 66 Barber Jacket Medium-Large black,$35.99,2

CRICKET Cover Up Route 66 Barber Jacket Medium-XLarge black,$35.99,8

Cricket Static Free Fast Flo XL Brush,$15.99,12

Cricket Static Free Hair Brush Cushion 220,$9.99,18

Cricket Static Free Hair Brush RPM 12XL,$8.99,9

Cricket Static Free Hair Brush RPM 8,$8.99,19

Cricket Static Free Mini Fast Flo,$6.90,24

Cricket Static Free Sculpting 680 Brush,$7.90,12

Cricket Static Free Styling 220,$8.99,8

Cricket Static Free Tunnel Brush,$7.90,22

"Cricket Technique #300 .75"" Thermal Brush",$13.75,6

"Cricket Technique #310 1"" Thermal Brush",$15.00,11

"Cricket Technique #330 1.25"" Thermal Brush",$16.00,7

"Cricket Technique #350 1.5"" Thermal Brush",$17.25,10

"Cricket Technique #370 1.75"" Thermal Brush",$18.00,10

"Cricket Technique #390 2"" Thermal Brush",$19.25,9

"Cricket Technique #400 2.5"" Thermal Brush",$23.50,12

"Cricket Technique #450 3.25"" Thermal Brush",$25.50,12

Cricket Technique Thermal Brushes (Choose Size),$13.75 to $25.50,87

DERBY EXTRA SUPER STAINLESS DOUBLE EDGE RAZOR BLADES- 2 X 100pcs = 200 blades,$14.19,24

Derby Premium Double Edge Blades- Super Stainless | 100 Blades,$9.99,21

"Derby Premium Double Edge Razor Blades, 100 Ct + Derby Extra Double Edge, 100 Ct",$22.99,15

DERBY PROFESSIONAL SINGLE EDGE BARBOR RAZOR BLADES (200PCS),$9.69,75

Derby Professional Single Edge Razor Blades (50 Packs of 100 Blades = 5000),$157.99,10

Diane 100% Boar Wave Brush - Model: DBB107,$11.30,8

"Diane 3/8"" Cold Wave Rods Curlers Hair Perm #DCW5SH 12-pieces - Grey - Short",$6.10,9

Diane Classic Straight Razor BLACK D210,$6.99,18

Diane Classic Straight Razor BLUE DVM005,$6.99,18

Diane Classic Straight Razor RED DVM003,$6.99,12

Diane Classic Straight Razor WHITE D209,$6.99,18

"DIANE Club Brush Reinforced Boar Bristles + Free 7"" Stylist Comb #SE812",$6.99,4

Diane Flexible Vent Brush D1008,$8.99,0

Diane Large Neck Duster D9851,$9.99,24

Diane Long Handle Neck Duster,$8.99,8

Diane Professional Jacket - BLACK,$19.99 to $19.99,27

Diane Professional Jacket - White,$19.99 to $19.99,73

Diane Professional/ Stylist Jacket - Red,$19.99 to $19.99,29

Diane Shaving Brush Wood Handle D9876,$5.99,7

Diane Shaving Double Edge Blades 100 pack Made in Turkey,$13.99,20

Diane Shaving Double Edge Blades 100 pack x 10 Total 1000 Blades Made in Turkey,$64.99,10

Diane Shaving Double Edge Blades 200 pack Made in Turkey,$18.99,12

"Diane Stainless Steel Hair Shaper Blades, 60 Pack, D22B Made in Japan",$26.90,6

Diane Thermal Porcupine Round Brush XS D9263,$8.99 to $8.99,10

DORCO BLUE AND PRIME (N) + VIRGO RAZOR- BRAND NEW,$17.99,11

"Dorco Blue Double Edge Razor Blades -10,000 Blades | ST300 | FAST SHIPPING",$422.97,20

Dorco Blue Double Edge Razor Blades Platinum Plus-1000 BLADES---FAST SHIPPING,$49.99,24

"Dorco Blue Double Edge Razor Blades | ST300 | 2,000 Blades",$99.99,23

Dorco Double Edge Blades | STP300 (100 BLADES) + STP301 (100 BLADES) | 200 TOTAL,$18.99,30

"Dorco Double Edge Razor Blades | BLUE ST300 | 1,000 BLADES",$48.77,36

Dorco Double Edge Razor Blades | Red ST301 | 100 Stainless Blade,$7.99,79

"Dorco Double Edge Razor Blades | ST300 | 2 CASES (2,000 BLADES)",$99.99,24

Dorco Double Edge Razor Blades-Blue ST-300-Stainless Blades 100pcs,$8.99,44

Dorco Double Edge Stainless Razor Blades | ST-300 | 200 BLADES,$14.47,22

"DORCO Double Edge Stainless Razor Blades | ST301 RED | 1,000 Blades",$54.99,24

Dorco New Platinum Stainless Blade | Red ST301 | 2 PACK (200 BLADES),$15.71,46

Dorco New Prime Platinum Double Edge Razor Blades | STP300 | 100 Blades,$7.99,31

Dorco New Prime Platinum Double Edge Razor Blades | STP300 | 400 Blades,$31.99,40

DORCO PRIME PLATINUM DOUBLE EDGE BLADES - 100X30=3000 BLADES - STP301(N),$223.99,10

"Dorco Prime Platinum Double Edge Blades | STP300 | 1 MASTER CASE (10,000 BLADES)",$699.00,24

Dorco Prime Platinum Double Edge Blades | STP301 | 100 Blades,$8.99,34

Dorco Prime Platinum Double Edge Razor Blades | Blue STP300 | 300 BLADES (N),$19.99,35

Dorco Prime Platinum Double Edge Razor Blades | BLUE STP300 | 500 BLADES (N),$46.99,35

Dorco Prime Platinum Double Edge Razor Blades | Blue STP301 | 300 Blades (v),$21.99,60

Dorco Prime Platinum Double Edge Razor Blades | STP300 | 200 BLADES (N),$15.99,36

"Dorco Prime Platinum Double Edge Razor Blades | STP301 | 2 CASES (2,000 BLADES)",$152.99,32

Dorco Prime Platinum Double Edge Razor Blades | STP301 | 200 BLADES,$17.99,50

"Dorco Prime Platinum Double Edge Razor Blades |STP300| 1,000 BLADES (N)",$69.99,24

Dorco Prime Platinum Double Edge Razor Blades-1000 BLADES-BRAND NEW-FAST SHIP(N),$70.99,22

"Dorco Prime Platinum Double Edge Razors (N) 1,000 pcs + Magic Professional Razor",$73.99,19

DORCO Red Razor Blades ST-301 - 20 Packs of 100 Blades = 2000 Blades,$107.99,24

DORCO Red ST-301 Razor Blades - 2 Cases of 10 100-packs = 2000 BLADES,$106.79,16

Dorco Red ST301 Double Edge Stainless Razor Blades | 200 BLADES | FAST SHIPPING,$14.39,36

"Dorco ST-301 Red Double-Edge Razor Blades FAST SHIPPING | 10,000 Blades",$529.99,12

"Dorco STP300 Prime Platinum Double Edge Razor Blade Case (N) | x2 (2,000 Blades)",$128.99,21

"Dorco STP301 Prime Platinum Double Edge Blades (V) FAST SHIPPING |1,000 BLADES",$73.99,31

"Eco Cocktail Super Fruit Curl Complex Styling Creme, 16 oz 2pack-free shipping",$19.99,15

Eco Natural COCKTAIL Strengthens hair and roots 16oz 2-Pack,$29.99,10

ECO Style Olive Oil & Shea Butter Black Castor Oil & Flaxseed Styling Gel 16oz,$11.85,5

Eco Style Olive Shea Butter Black Castor Oil EcoPlex Moisturizing Shampoo 8oz,$9.99,9

Eco Style Protein Red Edition for Naturally Dry Hair / Alcohol Free/ 32oz,$12.99,2

Eco Style Super Protein minimized breakage and add extra shine/Alcohol Free 32oz,$12.97,0

Eco Styler Styling Gel 32 oz. Super Protein- Alcohol FREE-,$13.99,0

Eco Styling gel Coconut Oil+Eco Styling Olive Oil Combo 16oz,$14.99,18

Eco Styling gel Super Protein 16oz + Eco Styling Curl n' Wave 16oz Combo,$14.99,2

Eco Styling gel Super Protein 16oz 2-Pack,$14.99,0

Eco Styling gel Super Protein+Eco Styling Coconut oil Nutritious Combo 16oz,$14.99,2

EcoStyle Protein for Dry Hair /Alcohol Free/ 32oz + FREE Styling comb,$13.99,6

EcoStyle Protein for Dry Hair /Alcohol Free/ 32oz 2-Pack + FREE Styling comb,$23.99,6

EcoStyle Super Protein less breakage more shine/Alcohol Free 16oz 2-Pack,$14.99,8

EL PATRON BE THE BOSS AFTERSHAVE CLEAN -BRAND NEW- FAST SHIPPNG 6.5 oz,$13.72,12

EL PATRON BE THE BOSS AFTERSHAVE COOL -BRAND NEW- FAST SHIPPNG 6.5 oz,$14.99,6

El Patron Black Seed Beard Oil 1oz FREE SHIPPING | 2 PACK,$23.99,7

El Patron Natural Finish Paste 2oz / 2 Shine / 10 Hold /,$9.99,33

El patron Pomade classic Hold 2oz / 10 Shine / 7 Hold /,$11.99,0

El patron Pomade classic Hold 4oz / 10 Shine / 7 Hold /,$13.99,18

"Elegance Facial Fresh Scrub ""Aloe Vera"" NEW LOOK FAST SHIPPING 2PACK",$20.99,24

Elegance After Shave Lotion Trio Mixed Herbs + Aloe vera + Mint 8.8oz,$26.99,36

Elegance facial scrub -Mint-500ml new look FAST SHIPPING 2 PACK,$19.99,12

Elegance Gel Wax HARD with Argan Oil 3.38oz 2 PACK,$14.60,36

Elegance Gel Wax HARD with Argan Oil 3.38oz Made in Lebanon (pack 3),$21.99,24

Elegance Gel Wax HARD with Argan Oil 3.38oz Made in Lebanon 6PACK,$20.99,24

Elegance Gel Wax SOFT with Argan Oil 3.38oz Made in Lebanon PACK 3,$15.99,60

Elegance Hair & Beard Oil 10.4 oz Brand New- Fast Shipping-,$12.99,30

ELEGANCE HAIR FIBERS 100% NATURAL WB COLLECTION BLACK 27.5g/0.97 OZ,$21.99,3

ELEGANCE HAIR FIBERS 100% NATURAL WB COLLECTION DARK BROWN 27.5g/0.97 OZ,$21.99,4

Elegance Hair Wax Macadamia Oil Extract 140ml,$11.99,32

Elegance Liner Pencil Black 6 Pieces,$8.99,9

ELEGANCE NEW HAIR STYLING WAX WITH AVOCADO OIL EXTRACT 140gr,$11.99,60

Elegance Plus Barber Clear Razor Shaving Shave Gel Earth Blue 16.9 oz 500ml- NEW,$15.99,100

Elegance Plus Barber Razor Shaving Shave Gel Venus Pink 16.9OZ/500ML,$15.99,32

Elegance Plus Barber Razor Shaving Shave Gel Venus+ Razor Pink,$15.99,15

Elegance Plus Miracle Hair Mask Extra Keratin 17.6 Oz | 2 PACK,$24.99,0

Elegance Purify Black Mask Pore Charcoal Cleanse,$15.99,48

Elegance Purify Black Mask Pore Charcoal Cleanse (3 Pack),$35.99,32

Elegance Purifying Deep Pore Black Head Cleansing Easy Peel Off Mask 8oz/250 ml,$16.99,48

ELEGANCE RAZOR COLOR PINK- FREE SHIPPING,$8.60,21

Elegance Sadapack Black Gel Color Strong Hold Cover White Hair 8.45 oz BB-50140,$13.60,0

Elegance Salon Skin Care Black Mask & Facial Scrub 17.15oz,$24.99,48

Elegance Shaving Gel Earth + NEW Elegance after shave Earth 16.9 oz,$23.99,48

Elegance Shaving Gel Venus + NEW Elegance after shave Venus 16.9 oz,$23.99,52

Elegance Shaving Shave Gel Venus + Elegance Pink razor + Derby Premium 1/2,$19.99,19

Elegance SOFT Gel Wax with Argan Oil 100 ml / 3.38 oz,$7.94,60

Elegance Temporary Hair Color - Brown 4.06 oz / 120 ml ammonia peroxide-free,$19.99,2

Elegance Temporary Hair Color - Brown 4.06 oz.ammonia peroxide-free 2 pack,$31.99,1

ELEGANCE Transparent Pomade Hair Styling Wax 5oz-2 pack,$26.99,97

ELEGANCE Transparent Pomade Super Strong Hold -Matte Finish Look- 4.73oz,$14.99,96

Elegance transparent Shaving Gel EARTH 67.62 fl oz,$24.99,78

Elegance transparent Shaving Gel JUPITER 67.62 fl oz,$24.99,79

Elegance transparent Shaving Gel VENUS 67.62 fl oz,$24.99,72

Feather Hi-Stainless Double Edge Blades 5pcs. | 10 Pack,$30.99,15

Feather Hi-Stainless Double Edge Blades 5pcs. | 10 Pack,$30.99,10

"Filarmonica Barber/Stylists Shear 7.5"" Made in Spain",$59.99,12

Filarmonica Razor Black Made in Spain Brand new,$10.99,12

Filarmonica Razor WHITE Made in Spain Brand new,$10.99,10

Filarmonica Razor White- 12PCS-Made in Spain-BRAND NEW - FREE SHIPPING,$88.97,16

Fonex Gummy Hair Gel - Keratin Maximum & Extreme Look 23.5oz,$13.99,24

Fonex Gummy Hair Gel - Maximum & Extreme Look Plus 23.5oz,$13.99,7

Fonex Gummy Hair Gel 32 oz Max Hold Extreme Look ALCOHOL FREE -PRIORITY Shipping,$14.99,33

Fonex Gummy Hair Gel 32 oz Max Hold Extreme Look ALCOHOL FREE Shipping 2PACK,$28.99,24

Fonex Gummy Hair Gel Green Maximum Hold W/ Keratin 700ml-NEW-FAST SHIP,$13.99,10

Fonex Gummy Hair Mouse Keratin Volume Build & Ultra Hold 225 ml - Made in Turkey,$9.99,36

Fonex Gummy Hair Styling Gel KERATIN 23.5 oz. | 2 PACK,$18.99,11

Fonex Gummy Hair Styling Gel PLUS 23.5oz. | 2 PACK,$18.99,12

"Fonex Gummy Professional Aftershave Cologne INVITE 12,7 oz",$13.99,11

"Fonex Gummy Professional Aftershave Cologne ONE MILE 12,7 oz",$13.99,24

"Fonex Gummy Professional Aftershave Cologne SAVOUR 12,7 oz",$13.99,24

"Fonex Gummy Professional Aftershave Cream Cologne BLACK 12,7 oz Made in turkey",$13.99,1

"Fonex Gummy Professional Aftershave Cream Cologne EXOTIC 12,7oz Made in turkey",$13.99,24

"Fonex Gummy Professional Aftershave Cream Cologne INVITE 12,7 oz Made in turkey",$13.99,0

"Fonex Gummy Professional Aftershave Cream Cologne ONE MILE 12,7oz Made in turkey",$13.99,12

Fonex Gummy Wax Matte Keratin Maximum Hold & Extreme Look 150ml 5.1oz | 5 Pack,$29.89,16

Fromm Elite Polisher Board Bristle Paddle F2011,$14.99,0

"Fromm Elite Thermal Ceramic and Tourmaline Round Brush 1 1/4"" F2033",$14.99,2

"Fromm Elite Thermal Ceramic and Tourmaline Round Brush 2"" F2035",$16.99,2

Fromm Intuition Flexer Vent Brush NBB039,$17.99,0

FX787RG BabylissPRO ROSEFX Outlining Trimmer,$139.99,18

FX787S BabylissPRO SILVERFX Outlining Trimmer,$144.99,24

GAMMA ARIA DUAL IONIC,$210.99,6

Gamma Wireless Prodigy Shaver Matte Black with Wireless Charging Tech. #GPWPFS,$88.00,16

Gamma+ Absolute Alpha Cordless Clipper with Black Diamond Carbon Blade #HCGPAACS,$133.00,41

GAMMA+ Absolute Hitter Cord/Cordless Modular Trimmer,$79.99,24

Gamma+ Absolute HITTER Custom Body Kit & Axis Shields (Black and Red) NO TRIMMER,$23.99,34

Gamma+ Absolute Power Dryer Black,$129.99,5

Gamma+ Absolute Power Dryer Gold,$129.99,6

"GAMMA+ Absolute Zero Cordless Foil Shaver, Retractable Trimmer, USB charge Razor",$39.99,24

Gamma+ Black Diamond Deep-Tooth Fade Replacement Blade | GPCRBTS,$25.99,15

Gamma+ Dub Magnetic Guards NEW + FREE SHIPPING | GPDMGB,$29.99,33

Gamma+ Ergo - Professional Cordless Magnetic Modular Clipper | HCGPMECS,$175.99,6

Gamma+ Evo Cordless Turbocharged Magnetic Motor Trimmer #HCGPELT,$139.99,0

Gamma+ HITTER Custom Body Kit & Axis Shields (White and Clear) NO TRIMMER,$23.99,1

GAMMA+ PROTÉGÉ Cordless Clipper 4 Hrs Run time GPA1B,$99.95,4

GAMMA+ PROTÉGÉ Clipper And Trimmer Combo Package GP1HACB,$159.99,0

GAMMA+ PROTÉGÉ Cordless Trimmer GP1HB,$79.95,2

GAMMA+ UNO Professional Lithium-Ion Single Foil Shaver - Black GPUNOSFS,$69.99,0

Gamma+ X-ERGO Linear Clipper NEW + FREE SHIPPING | HCGPXERGOMS,$219.99,11

Gamma+ X-EVO Linear Trimmer NEW + FREE SHIPPING | HCGPXEVOMS,$149.99,12

GammaPiu 3500 Tormalonic Hair Dryer Made in Italy - CHERRY RED-GPUS3500CR,$99.99,1

GammaPiu 3500 Tormalonic Hair Dryer Made in Italy - GREEN + FREE Diffuser,$99.99,0

GammaPiu 3500 Tormalonic Hair Dryer Made in Italy - WHITE GPUS3500W,$99.99,1

Genuine OSTER Diamox Blade Size 1 For 76 Turbo 77 Titan 76918-646 ANTIMICROBIAL,$28.49,5

Genuine OSTER Diamox Blade Size 1A For 76 Turbo 77 Titan 76918-706 ANTIMICROBIAL,$31.95,11

GiGi Accu Edge Applicators - Large - 100 Count,$10.87,12

GiGi Bleached Muslin Epilating Strips - Large - 100 Strips,$13.95,24

GiGi Brazilian Body Hard Wax 14 oz,$16.99,0

GiGi Cloth Epilating Strips - Large - 100 Strips,$9.99,8

GiGi Cloth Epilating Strips - Small - 100 Strips,$10.95,25

GiGi Creme Wax 14oz,$16.99,4

Gigi Dark Honee Wax for Coarse Hair 14oz,$16.99,8

Gigi Dark Honee Wax for Coarse Hair 14oz (2-pack),$28.99,6

GiGi Espresso All Purpose Honee Wax 14 oz,$16.99,8

GiGi Espresso All Purpose Honee Wax 14 oz 2-PACK,$28.99,5

GiGi Floral Hard Wax 14oz,$16.99,18

GiGi Lavender Creme Wax 14 oz,$16.99,5

GiGi Lavender Creme Wax 14 oz 2-PACK,$28.99,0

GiGi Milk Chocolate Creme Wax 14oz,$16.99,23

GiGi Natural Muslin Epilating Strips - Petite - 100 Strips,$7.99,8

GiGi Natural Muslin Epilating Strips - Small - 100 Strips,$9.95,36

GiGi Pre Epilation Powder to absorb moisture & oil 4.5 oz,$9.99,3

GiGi Tea Tree Creme Wax 14oz,$16.99,24

GiGi Zinc Oxide Ultra Sensitive Wax 13oz,$16.99,4

GRAFF ETCH- HAIR COLOR PATTERN PENCILS 8 PACK | WHITE,$19.99,22

Graham Beauty Sanek Neck Strips Dispenser-Black--FREE & FAST SHIPPING---,$10.99,110

Graham Sanek Neck Strips-2 Cases (8 boxes),$69.79,17

Gummy After Shave Cologne Diving Professional 700ml,$16.99,60

"Gummy Hair Gel, 23.5 Fl Oz,Regular,700ml USA FREE SHIPPING",$13.99,24

Gummy Pro Fonex Barber Men's Grooming Peel-Off Black Mask 4.7 fl oz BB-09196,$13.99,14

Gummy Styling wax BRIGHT FINISH 5OZ- Brand new- Fast Shipping-,$9.99,41

Gummy Styling Wax HARD FINISH Extra Stark 5 oz. | BLUE | FREE SHIPPING,$9.99,33

Gummy Styling wax MATTE FINISH 5oz- BRAND NEW- FAST SHIPP-,$9.99,44

Gummy Styling Wax ULTRA HOLD 5oz- BRAND NEW- FAST SHIP,$9.99,38

Gummy Wax 5 Variety Pack-BRAND NEW-FAST SHIPPING,$29.89,8

Gummy Wax 5 Variety Pack-BRAND NEW-FAST SHIPPING,$29.89,10

Gummy Wax CASUAL LOOK 5oz-BRAND NEW-FAST SHIPPING,$9.99,44

Gummy Wax EXTRA GLOSS Extra Glanz 5oz-BRAND NEW-FAST SHIPPING,$9.99,35

Gummy Wax HARD FINISH 5 Pack-BRAND NEW-FAST SHIPPING,$29.89,14

Gummy Wax KERATIN WAX MATTE 5 oz-BRAND NEW-FAST SHIPPING,$9.99,28

HNP PLACENTA LEAVE-IN HOT CREME DEEP PENETRATING TREATMENT 1 OZ 4-PACK,$12.99,1

HNP Placenta- Hot Crème Leave-In with Olive Oil 1 oz. | 4 TUBES,$12.99,0

House Beauty Professional Disposable Razor Head With Handle 100 Pieces,$29.99,12

IMMORTAL CLASSIC POMADE SPICE BOM MAX SHINE/STRONG HOLD BRAND NEW 5PACK,$49.99,0

"IMMORTAL ""STRAWBERRY"" NYC Hair wax -Brand New-Fast Shipping-",$49.99,40

Immortal Coloring Blue Wax 3.4 oz- Brand New- Fast Shipping,$14.90,13

Immortal Coloring Brown Wax 3.4 oz- Brand New- Fast Shipping,$14.90,0

Immortal Coloring Green Wax 3.4 oz- Brand New- Fast Shipping,$14.90,15

Immortal Coloring Grey Wax 3.4 oz- Brand New- Fast Shipping,$14.90,13

Immortal Coloring Yellow Wax 3.4 oz- Brand New- Fast Shipping,$14.90,15

Immortal Infuse Classic Pomade Strong Hold/Shine/Waterbase RED 5.07fl.oz.,$13.99,18

Immortal Infuse Classic Pomade Super strong/Shine/waterbase,$12.99,16

IMMORTAL INFUSE MATTE CLAY PASTE 5.07oz,$14.99,48

IMMORTAL INFUSE SHAVING GEL 34oz- BRAND NEW- FAST SHIPPING-,$14.90,8

IMMORTAL INFUSE STYLING HAIR WAX 5.07oz FREE SHIPPING,$13.99,10

IMMORTAL INFUSE STYLING WAX BLACK 5.07oz FREE SHIPPING,$14.99,80

"IMMORTAL Matte Clay Paste,Natutal dry look 5.07oz.",$17.60,32

IMMORTAL MATTE LOOK WAX ZERO SHINE/MEDIUM HOLD - BRAND NEW-FAST SHIPPING-,$17.95,80

"IMMORTAL NYC ""ICONIC MEN"" CREAM POMADE 5.07 oz -BRAND NEW-FAST SHIPPING",$15.99,51

"IMMORTAL NYC ""ICONIC MEN"" CREAM POMADE 5.07 oz.(5PACK)FAST SHIPPING",$49.99,18

"IMMORTAL NYC ""STRAWBERRY"" HAIR WAX 5.07 oz -BRAND NEW-FAST SHIPPING",$15.99,54

"IMMORTAL NYC FIBER SHINE/FLEXIBLE ""CREAM POMADE""",$15.99,77

"IMMORTAL NYC FIBER SHINE/FLEXIBLE ""CREAM POMADE"" 5.07 oz.(5PACK)FAST SHIPPING",$50.99,15

"Immortal NYC Hair Wax Max Shine/Strong Hold 150ML ""Pomade the Creed""-5PACK",$49.99,30

"Immortal NYC Hair Wax Max Shine/Strong Hold 150ML ""Pomade the Creed""-Brand New-",$15.99,79

Immortal NYC Matt Look Hair Wax zero shine/medium hold-5PACK,$49.99,31

Immortal NYC One in a Million Hair Wax Ultra Strong/Ultra Shine-free shipping,$49.99,0

Immortal NYC “AVENTUS” Scented Hair Wax for Men-Brand New-Fast Shipping,$15.99,0

Immortal NYC “AVENTUS” Scented Hair Wax for Men-Brand New-Fast Shipping -5 PACK,$49.99,0

IMMORTAL One Million NYC Hair Wax -Brand New-Fast Shipping-,$17.95,0

JATAI Barber Salon Feather Standard Blades 10 Blades SR-F120100,$15.99,4

King Bleach Powder Plex With Oligosaccharides B-D- Fructose MADE IN ITALY 1LB,$19.99,18

L'Oreal Nature's Therapy Mega Strength Blow Dry Creme 5oz,$6.39,8

L3VEL3 Aftershave Cologne Aqua 13.5 fl oz -Moisturizing-For All skin Types-,$15.99,12

L3VEL3 BRILLIANT POMADE,$9.99,60

L3VEL3 BRISTLE BRUSH,$9.99,11

"L3VEL3 Hair Styling Forming Cream Medium Hold (Blue) 5 Oz. - ""Free Shipping""",$12.49,60

L3vel3 Hair Styling Paste-Matte Finish,$12.99,59

L3VEL3 Hair Styling Pomade - 150 ml new,$11.95,59

L3VEL3 Hard Wax Beads Carbon Black Wax 16.9 -Full Body Wax-,$18.99,17

L3VEL3 Mud Scrub Mask Deep-Cleansing 16.9 fl oz,$16.99,11

L3VEL3 Professional Apron,$16.99,23

L3VEL3 Professional Cutting Cape,$14.99,10

L3VEL3 Purifying Black Peel-Off Mask 8.45 fl oz,$14.95,18

L3VEL3 Straight Razor Holder | 1 Razor Holder,$10.95 to $10.95,95

L3VEL3 Styling Powder Dust /Texturizing/Matte Look/Hold Level 3/,$13.99,41

L3VEL3 Temporary Hair Color W/ Brush included for Hair & Beard- Black,$15.99,57

L3VEL3 Tinted Gel Black 8.45 fl oz / Covers Grey Hair / Rinses Out Instantly /,$13.99,0

L3VEL3 Transparent Hair Styling Pomade Super Strong Hold 16.9 Oz (Yellow) - 1 EA,$19.97,11

"La-Brasiliana DUE Keratin and Collagen Conditioner, 8.45 fl.oz - Sodium Free",$15.99,1

"La-Brasiliana LATTE EXTEND Styling Milk, 8.45 fl.oz - Sodium Free-",$19.99,3

"Level 3, Hold Level 3, Texturizing Formula, Medium Shine, Spider Wax",$12.99,60

LORD Super Stainless Single Edge Blades 100 pcs Made in Egypt,$6.99,5

LORD Super Stainless Single Edge Blades 200 pcs Made in Egypt,$9.99,11

LORD Super Stainless Single Edge Blades 400 pcs Made in Egypt,$18.99,6

Lucky Tiger Face Moisturizer Hydrate & Replenish 3.5 OZ,$17.99,3

LuxorPro Contour Vent Brush Model#BCBV,$9.99,11

Marmara BARBER Cream Wax 5oz Made in turkey- Brand new - Fast Shipping-,$9.99,4

Marmara Barber Hair Spray Strong Contron N17 13.5oz,$14.99,8

Marmara BARBER Keratin Matte Wax Firm Hold 5oz Made in Turkey- Brand new,$9.99,0

Marmara Barber No.1 Cream Cologne 400ml FREE SHIPPING,$13.99,8

Marmara Barber No.2 Cream Cologne 400ml FREE SHIPPING,$13.99,5

Marmara Barber No.4 Cream Cologne 400ml FREE SHIPPING,$15.99,4

Marmara Barber Professional Silver Shaving Shave Gel 34oz,$15.99,0

Marmara BARBER Royal Wax Firm Hold 5oz Made in Turkey- Brand new,$9.99,3

Marmara Barber Shaving Gel 8.45 oz.,$9.99 to $9.99,32

Marmara BARBER Spider Wax Firm Hold 5oz Made in Turkey- Brand new,$9.99,6

Marmara BARBER Tampa Tobacco Wax Firm Hold 5oz Made in Turkey- Brand new,$9.99,12

Marmara BARBER Tropical Wax Firm Hold 5oz Made in Turkey- Brand new,$9.99,0

"MARMARA Cream Wax 5oz Made in turkey + Diane taper comb 7""",$12.99,2

"Marmara Eau De Cologne N.1 Barber Spray, Aftershaves, 250ml-Made in Turkey-",$12.99,10

"Marmara Eau De Cologne N.2 Barber Spray, Aftershaves, 250ml-Made in Turkey-",$12.99,9

"Marmara Eau De Cologne N.4 Barber Spray, Aftershaves, 250ml-Made in Turkey-",$12.99,12

"MARMARA Keratin Matte Wax 5oz Made in turkey + Diane taper comb 7""",$10.25,0

"MARMARA Royal Wax Firm Hold 5oz Made in turkey + Diane taper comb 7""",$10.25,3

"MARMARA Spider Wax Firm Hold 5oz Made in turkey + Diane taper comb 7""",$10.25,6

"MARMARA Tampa Tobacco Firm Hold 5oz Made in turkey + Diane taper comb 7""",$10.25,6

"MARMARA Tropical Firm Hold 5oz Made in turkey + Diane taper comb 7""",$10.25,0

Marvy No.75 Goat Hair Neck Duster,$17.95,14

Master Barbersheen Olive Oil Spray 11.7oz.,$12.99,15

Master Barbersheen Olive Oil Spray 11.7oz. 2-PACK,$15.99,10

Master INVIGORATING Shampoo 12 oz (002),$14.30,2

Master Krew Comb Hair Styling hair control 4oz,$11.99,0

Master SMOKEY OUD Aftershave 15oz + Master SMOKEY OUD Shaving Gel 16oz,$22.99,1

Master Ultra-Fine White Talc / Reduces Skin Irritation 16oz,$15.99,24

MASTER WELL COMB HAIR WAX MAXIMUM HOLD MEDIUM SHINE 4 OZ.,$8.99,32

MASTER WELL COMB POMADE GEL MEDIUM HOLD MAXIMUM SHINE 4 OZ.-BRAND NEW-FAST SHIP,$8.99,37

Neck Duster soft nylon ergonomic #31442,$7.30,8

Neck Ruffles Neck Strips 500 Strip total for Barbers & Stylist,$14.99,6

NEW Andis Titanium Curling Iron 1 Inch brand new,$19.99,0

NEW Vincent VT142 Goat Hair Neck Duster Wood Handle Barber Beautician Shaving,$8.99,4

Novon Cream Cologne Whiskey 400ml | 3 pack,$24.99,0

Novon Whiskey Cream Cologne 400ml - 2 PACK - FREE SHIPPING,$26.99,0

Olivia Garden Black Nitrile Gloves Latex Free/Powder Free Large -100 Gloves,$24.30,11

Olivia Garden Black Nitrile Gloves Latex Free/Powder Free Medium -100 Gloves,$24.30,0

Olivia Garden Black Nitrile Gloves Latex Free/Powder Free Small -100 Gloves,$24.30,0

Olivia Garden Heat Pro Ceramic Ion Brush - Small HP-32 Copper Ceramic Technology,$15.99,18

Olivia Garden Heat Pro Ceramic Ion Brush Medium HP-42 Copper Ceramic Technology,$26.99,3

OLIVIA GARDEN Heat Pro Cooper Ceramic + Ion Thermal Round Brush HP-32 1 1/4”,$18.60,12

OLIVIA GARDEN NanoThermic Ceramic + Ion Round Thermal Brush 1/2” - NT-12,$35.99,6

"Olivia Garden NanoThermic Ceramic + Ion Round Thermal Brush 0.75"" - NT-18",$15.99,12

"Olivia Garden NanoThermic Ceramic + Ion Round Thermal Brush 1.25"" - NT-34",$16.99,24

Ors Olive Oil Sheen Nourishing Spray Original 11.7 Ounce,$14.30,6

Ors Olive Oil Sheen Nourishing Spray Original 11.7 Ounce - 2 PACK,$17.99,2

OSTER - GENUINE BLACK CRYONYX BLADE | #76913-806,$26.99,15

Oster 76 Universal Motor Clipper #76076-010,$157.99,18

Oster 76926-900 10 Universal Hair Clipper Comb Set Attachments Guides,$29.85,9

Oster Aspire Clipper #076070-310,$49.99,0

Oster Detachable Replacement Blade #Texturing For Classic 76 Clipper #76918-306,$40.50,10

Oster Fast Feed Adjustable Pivot Motor Clipper #76023-510,$78.99,18

Oster Massager Stim-U-Lax-Handheld Vibrator Therapy (2-Massagers),$157.99,0

Oster Model 10 Heavy Duty Detachable Blade Clipper w/ #000 & #1 Blade,$143.95,1

Oster Professional 76004-011 Artic Igloo Clipper Blade Storage System,$17.99,10

OSTER PROFESSIONAL CLOSE CUT TALER TRIMMER #76059-310-BRAND NEW-FAST SHIPPING,$69.00,0

OSTER PROFESSIONAL GEAR LUBE Premium Clipper Grease Tube 1.25 oz #76300-105,$6.99,19

Oster Stimulax Handheld Vibrating Massager Stim-U-Lax Vibrator Therapy 76103,$89.99,6

Oster T-Finisher Close-Cutting Trimmer #76059-010,$49.99,0

Oster T-Finisher Rasta Reggae Limited Edition Trimmer-Brand New-Fast Shipping-,$79.99,0

Oster Taler T-Blade Trimmer 76059-310,$149.89,0

Oster Titan - Universal Motor Clipper with Coated Detachable #000 & #1 Blades,$169.99,6

Oster Topaz - Adjustable Pivot Motor Clipper with Protective Coating Blade,$83.99,12

Parlux 3200 Plus 1900 Watt Made In Italy BLACK,$109.99,22

Parlux 3200 Plus 1900 Watt Made In Italy FUCSIA,$109.99,17

Parlux 3500 supercompact ceramic & ionic edition Diffuser -MADE IN ITALY-,$19.99,7

Parlux Compact 3200 Ceramic & Ionic Hair Dryer,$148.29,16

Parlux Diffuser Alyon Advance Air Ionizer Tech-Brand New-Fast Shipping-,$22.99,13

PERSONNA Barber Comfort Coated Double Edge Razor Blades 100pk BP9020,$13.50,56

PERSONNA Barber Comfort Coated Double Edge Razor Blades 200pk BP9020,$25.60,56

PERSONNA Barber Comfort Coated Double Edge Razor Blades 300pk BP9020,$34.99,56

Personna Double Edge Blades - 120 Blades,$17.79,0

Personna Double Edge Blades 120 Blades - 3 PACK,$50.99,0

Personna Hair Shaper Blades Stainless Blade 60 Blades | FREE SHIPPING PACK 2,$59.99,10

Personna Stainless Steel 200 Double Edge Barber Shaving Razor Blades-BRAND NEW,$20.99,18

Personna X-Series Double Edge Platnium Coated Blades 100pcs. | 50 Pack,$459.99,2

PIBBS P388C VACUUM BREAKER KIT,$38.99,11

PIBBS P389C VACUUM BREAKER KIT,$48.99,0

PIBBS Universal Appliance Holder takes from 1 1/4 to 2 3/4 MODEL 1555,$33.99,6

Pinaud Clubman After Shave Lotion 16 oz FREE-SHIPPING,$16.99,18

Pinaud Clubman After Shave Lotion 16 oz 2PACK -FREE-SHIPPING,$27.99,18

PROFESSIONAL HAIR STYLIST JACKET SMALL BLACK,$20.99,10

PROFESSIONAL HAIR STYLIST JACKET- XL BLACK,$18.99,10

Rolda Beard Oil with Eucalyptus and Peppermint 1.01oz,$7.99,8

Rolda Classic Styling Gel Alcohol Free Strong Hold 500g 17.6oz -Brand New,$14.99,24

Rolda Force Hair Pomade 4.05 oz. | Medium Hold & Shine,$12.00,12

"Rolda Power Hair Pomade 4.05 oz. | High Shine, Extra Strong Hold",$19.99,23

ROLDA POWER STYLING GEL MEGA HOLD 17OZ-BRAND NEW- FAST SHIPPING,$13.99,34

ROLDA Professional White Molding Fiber Cream White Freeze Formula 100g,$17.99,0

ROLDA SHAVING GEL REFRESHING 17.6OZ -BRAND NEW- FAST SHIPPING,$13.99,23

ROLDA SHAVING KIT--SAVING GEL REFRESHING + HYDRATING + BEARD OIL 17oz+ 1.0oz-,$25.99,12

Sanek Neck Strips 1 Master Case of 4 Cartons (2 PACK=2 Cases=5760 Strips),$92.95,23

Sanek Neck Strips 1 Master Case of 4 Cartons (3 PACK=3 Cases= 8640 Strips),$129.24,24

Sanek Neck Strips Master Case of 4 Cartons - 2880 Strips,$47.87,15

Satin Smooth Calendula Gold Hard Wax 14 oz,$15.99,0

Satin Smooth Calendula Gold Hard Wax 14 oz (2 Pack),$22.99,0

Satin Smooth Calendula Golden Hard Wax With Tea Tree Oil 14OZ.,$17.99,0

Satin Smooth Honey Wax with Argan Oil 14 oz,$17.99,12

Satin Smooth Honey Wax with Argan Oil 14 oz. | 2 Pack,$23.99,12

"Satin Smooth Lavender Wax with Chamomile, 14 Ounce",$15.99,3

"Satin Smooth Lavender Wax with Chamomile, 14 Ounce 2pack",$23.99,0

SATIN SMOOTH PURE SOY WAX 14 OZ,$17.99,0

SATIN SMOOTH PURE SOY WAX 14 OZ. 2-pack,$23.99,0

Satin Smooth Tea Tree Wax 14 oz,$16.99,5

Satin Smooth Tea Tree Wax 14 oz 2 pack,$23.99,2

"Satin Smooth Wild Cherry Hard Wax With Vitamin E, 14 Oz.",$17.99,24

SCALPMASTER Heat Resistant Silicon Mat 9 5/8 x 7 3/4 resist up to 482F,$12.99,4

SCALPMASTER Lather Time Hot Lather Machine Barber Equipment SB-M,$199.99,2

SCALPMASTER UNIVERSAL CLIPPER GUIDE SET,$8.99,5

Sebastian Cellophanes Color Revitalizer - Free of Ammonia & Peroxide-,$19.99 to $19.99,83

Shine 'n Jam Conditioning Gel with Honey extract Extra Hold 16oz,$15.99,0

Shine 'n Jam Conditioning Gel with Honey extract Extra Hold 8oz 2-PACK,$18.99,12

Silicon Mix Bambu Hair Polisher Gotas de Brillo 4oz,$9.99,5

StyleCraft Absolute Alpha Cordless Clipper with Black Diamond Blade #SCAACS,$149.99,36

StyleCraft Absolute Hitter Lids & Axis Shields - Transparent Green & Grey Wood,$29.95,7

"StyleCraft Absolute Hitter Trimmer-Includes Black, Pink, & Blue Body Kit SCAHTB",$80.99,42

StyleCraft ERGO Cordless Modular Clipper - One Clipper w/ Changeable Body Kits,$179.99,0

Stylecraft Evo Cordless Magnetic Motor Trimmer Black Diamond Blade #SCELT,$148.99,36

"StyleCraft Mag Ergo Lids - Transparent Green, Grey Wood, Red Wood",$34.95,0

StyleCraft Protégé Clipper Trimmer Combo | Matte Metallic Black,$159.99,31

StyleCraft Rogue Clipper,$139.99,35

STYLECRAFT UNO Professional Lithium-Ion Single Foil Shaver - Blue SCUNOSFSB,$69.99,5

STYLECRAFT UNO Professional Lithium-Ion Single Foil Shaver - Red SCUNOSFSR,$69.99,5

Stylecraft Wireless Prodigy Turbocharged Shaver with Wireless Technology -Blue,$88.00,22

Stylecraft Wireless Prodigy Turbocharged Shaver with Wireless Technology -Red,$88.00,18

Suavecito Bay Rum Beard Oil 1oz,$12.50,6

Suavecito Firme Clay Pomade 4oz,$12.98,1

Suavecito Light Hold Pomade 4oz,$9.98,0

Suavecito Matte Pomade 4oz,$14.99,23

Suavecito Original Pomade 4oz,$14.99,24

Suavecito Pomade Water Soluble 32 oz (908g),$52.97,0

Suavecito Unscented Beard Oil 1oz,$12.50,4

The Shaving Factor Neck Duster #954,$16.99,6

Tomb45 Battery Upgrade For Wahl Cordless Clippers,$24.99,55

Tomb45 Beard & Line Up Color Enhancement for compressor-2 Colors Options,$21.00 to $21.00,32

TOMB45 POWER CLIP FOR ANDIS SLIMLINE LI,$48.99,11

TOMB45 POWER CLIP FOR BABYLISS FX CLIPPER,$48.99,24

TOMB45 POWER CLIP FOR BABYLISS FX SKELETONS -FREE SHIPPING,$47.60,10

TOMB45 POWER CLIP FOR WAHL MAGIC CLIP,$48.99,9

Tomb45 Professional Shaving gel+3 Razor Cartridges Blade Holder & Key chain-BLK,$29.99,5

Tomb45 Professional Shaving gel+3 Razor Cartridges Blade Holder & Key chain-BLUE,$29.99,5

Tomb45 Professional Shaving gel+3 Razor Cartridges Blade Holder & Key chain-RED,$29.99,4

Tomb45 Professional Shaving gel+3 Razor Cartridges Blade Holder&Key chain-GREEN,$29.99,5

Tomb45 Pure Powder 20g FREE SHIPPING,$13.89,28

Tomb45 Razor w/ 3 Razor Cartridges & Key chain-BLACK +100 Dorco Prime STP300 (N),$29.99,5

Tomb45 Razor w/ 3 Razor Cartridges & Key chain-BLUE +100 Dorco Prime STP300 (N),$29.99,7

Tomb45 Razor w/ 3 Razor Cartridges & Key chain-GREEN +100 Dorco Prime STP300 (N),$29.99,3

Tomb45 Razor w/ 3 Razor Cartridges & Key chain-RED +100 Dorco Prime STP300 (N),$29.99,7

Tomb45 Razor w/ 3 Razor Cartridges Blade Holder & Key chain-BLACK,$27.99,7

Tomb45 Razor w/ 3 Razor Cartridges Blade Holder & Key chain-BLUE,$27.99,7

Tomb45 Razor w/ 3 Razor Cartridges Blade Holder & Key chain-GREEN,$27.99,4

Tomb45 Razor w/ 3 Razor Cartridges Blade Holder & Key chain-RED,$27.99,7

TOMB45 SHAVE GEL VITAMIN E ALOE VERA ORIGINAL 8oz FREE SHIPPING,$9.99,46

Tomb45 Stay Gifted Transparent Clipper Lid for Cordless Wahl Senior Clipper,$8.99 to $8.99,12

Tomb45 Wireless Charging Pad Expansion Module or Standalone,$69.85,36

Turbo Power Forma Travel Mini Nano Ceramic Hair Straighter/Dual Voltage/ 400F,$22.99,4

TURBO POWER Mega Turbo 2500 Professional Hair Dryer Model: 311A,$69.99,31

Turbo Power MegaPower 4000 Ionic & Ceramic Hair Dryer - Black,$87.95,8

TURBO POWER NanoSilk Flat Iron 1 inch with Universal Voltage,$139.99,6

Turbo Power Professional Clips TTC1,$14.99,9

"TURBO POWER Thermal Flat Iron Shield for 1.5"" Irons",$7.99,3

Turbo Power Twin Turbo 3200 Hair Dryer BLACK,$107.99,31

Turbo Power Twin Turbo 3500 Ceramic & Ionic Hair Dryer,$148.29,3

Turbo Power TwinTurbo 3200 Ceramic & Ionic Dryer,$139.99,16

Turbo Power TwinTurbo 3200 Professional Hair Dryer - Pink,$109.00,23

Turbo Power TwinTurbo 3200 Professional Hair Dryer - Red,$109.00,8

Turbo Power TwinTurbo 3200 Professional Hair Dryer - Violet,$99.99,20

Turbo Power TwinTurbo 3800 Professional Ceramic & Ionic Hair Dryer,$199.99,6

TURBOPOWER The Paddle Vented Brush TT200,$12.99,4

TurboTools Curling Iron 3/4+TuboPower Professional Clips,$43.99,3

"Ultra Turbo 3600 Hair Dryer - Black, Made In Italy",$110.99,15

"Ultra Turbo 3600 Hair Dryer - Black, Made In Italy",$89.99,18

Universal Blow Dryer Diffuser | Attachment Piece,$8.99,0

Venti Neck Duster With Powder Dispenser- BLACK,$7.99,33

Venti Neck Duster With Powder Dispenser-WHITE,$7.99,12

VENTI Professional Shaving Razor + Diane Double Edge Swedish Steel Blades 10pc,$9.99,18

VENTI Professional Shaving Razor + Diane Double Edge Swedish Steel Blades 110pc,$16.99,8

VENTI Professional Shaving Razor + Dorco Prime Professional Double Edge 10 Pcs,$13.99,18

Vincent VT300B Double Edge 45mm Safety Razor Blades 50 Blades per pack,$7.00,17

Wahl 3 Hole Clipper Blade - Designer #01005-100,$19.99,10

Wahl 3 Hole Clipper Blade - Standard - 1MM-3MM - #01005,$19.99,12

Wahl Adjustable T-Shaped Trimmer Blade #01062-600,$19.99,4

Wahl Clipper Replacement Lid Money design,$9.99,11

Wet Brush Pro Electric Dreams Pro Shine Enhancer,$19.99,1

Wet Brush-Pro Detangler Chromatic Swirl (7349),$13.99,6

Wet Brush-Pro Detangler Luminous Spiral (7370),$13.99,6

WET Brush-Pro Detangler Pink,$15.99,1

Wet Brush-Pro Detangler Vivid Feathers (7400),$13.99,6

Wet Brush-Pro Flex Dry Blushing Boldly (6472),$12.99,6

Wet Brush-Pro Flex Dry Blushing Boldly (6472),$12.99,1

Wet Brush-Pro Flex Dry Brush Strokes (6533),$12.99,6

Wet Brush-Pro Pop and Go Detangler - Purple,$9.99,0

Wet Brush-Pro Pop and Go Detangler - Teal,$9.99,0

Wet Brush-Pro Shine Enhancer Luminous Spiral (7257),$13.99,6

Wet Brush-Pro Shine Enhancer Vivid Feathers (7288),$13.99,5

XFusion by Toppik FiberHold Spray 4oz,$9.50,24

"Xfusion by Toppik Keratin Hair Fibers, 15g / 0.53 oz (6 color choices)",$17.99 to $17.99,29

XFusion Spray Applicator for hair fibers,$8.99,16

Zotos Professional All Abou Curls Lo-Lather Cleanser,$18.99,0

Zotos Professional All About Curls Daily Cream Conditioner 15oz,$18.99,0

Zotos Professional All About Curls Divine Treatment 8oz,$18.99,0

Zotos Professional All About Curls High Definition Gel 15oz,$15.07,0

Zotos Professional All About Curls No-Lather Cleanser 15oz,$15.22,0

Zotos Professional All About Curls Soft Definition Gel 15oz,$18.99,6

Zotos Quantum Color Protect Shampoo for Color-Treated Hair 33.8 oz,$19.99,3

